21,HR,36,64000,2014-09-25,Male,Umar Brown,2025-02-26,2025-02-26T15:57:22.893Z
22,Engineering,33,85000,2017-01-14,Male,Victor Reed,2025-02-26,2025-02-26T15:57:22.893Z
23,Finance,40,79000,2013-12-09,Female,Wendy Baker,2025-02-26,2025-02-26T15:57:22.893Z
24,Marketing,31,76000,2019-04-28,Male,Xander Scott,2025-02-26,2025-02-26T15:57:22.893Z
25,Sales,27,72000,2021-05-21,Female,Yasmine Hughes,2025-02-26,2025-02-26T15:57:22.893Z
26,HR,39,65000,2013-03-14,Male,Zack Foster,2025-02-26,2025-02-26T15:57:22.893Z
27,Engineering,32,86000,2018-09-16,Female,Ava Cooper,2025-02-26,2025-02-26T15:57:22.893Z
28,Finance,37,80000,2015-10-07,Male,Ben Garcia,2025-02-26,2025-02-26T15:57:22.893Z
29,Marketing,28,77000,2020-02-11,Female,Catherine Lopez,2025-02-26,2025-02-26T15:57:22.893Z
30,Sales,35,73000,2017-11-30,Male,Daniel Mitchell,2025-02-26,2025-02-26T15:57:22.893Z
31,HR,31,66000,2018-07-18,Female,Eliza Robinson,2025-02-26,2025-02-26T15:57:22.893Z
32,Engineering,45,87000,2012-06-04,Male,Felix Turner,2025-02-26,2025-02-26T15:57:22.893Z
33,Finance,29,81000,2019-08-20,Female,Gabriella Adams,2025-02-26,2025-02-26T15:57:22.893Z
34,Marketing,41,78000,2014-05-14,Male,Henry White,2025-02-26,2025-02-26T15:57:22.893Z
35,Sales,30,74000,2020-04-09,Female,Isla Collins,2025-02-26,2025-02-26T15:57:22.893Z
36,HR,38,67000,2016-01-23,Male,Zacob Rivera,2025-02-26,2025-02-26T15:57:22.893Z
37,Engineering,33,88000,2018-10-06,Female,Katie Bell,2025-02-26,2025-02-26T15:57:22.893Z
38,Finance,42,82000,2013-09-12,Male,Leo Scott,2025-02-26,2025-02-26T15:57:22.893Z
39,Marketing,31,79000,2019-11-27,Female,Megan Foster,2025-02-26,2025-02-26T15:57:22.893Z
40,Sales,28,75000,2021-12-01,Male,Noah Carter,2025-02-26,2025-02-26T15:57:22.893Z
